{
  "calibration_source": "outputs/scale_detection/scale_detection.json::calibration.meters_per_pixel",
  "meters_per_pixel": 0.08209462,
  "lengths_px": {
    "centerline_px": 3673.973013727026,
    "inner_px": 3363.504982607647,
    "outer_px": 3581.721303932592
  },
  "lengths_m_normalized": {
    "centerline_m": 301.6134184521749,
    "inner_m": 276.12566341528134,
    "outer_m": 294.04004939225064
  },
  "previous_centerline_mpp": 0.08361489066666666,
  "normalization_factor": 0.9818181826879703
}