{
  "summary": {
    "mask": "outputs\\joal502\\visualizations\\joal\\joal_single_shape_mask_clip55_extended.png",
    "centerline_json": "outputs\\joal502\\joal_single_shape_centerline_1m_clip55_extended.json",
    "meters_per_pixel": 0.08361489066666666,
    "bend_index": 1800,
    "window_m": 20.0,
    "sample_count_left": 428,
    "sample_count_right": 428
  },
  "inner": {
    "cx_px": 1661.5502089613167,
    "cy_px": 773.6656799179514,
    "r_px": 382.5861258744092,
    "diameter_px": 765.1722517488184,
    "diameter_m": 63.97979417114459
  },
  "outer": {
    "cx_px": 1661.6009673524384,
    "cy_px": 772.8058796967707,
    "r_px": 453.8869010767788,
    "diameter_px": 907.7738021535577,
    "diameter_m": 75.90340721713402
  }
}