{
  "method": "polygon_between_outer_and_inner_with_straight_endcaps",
  "smoothing": {
    "window": 9,
    "applied_to": "inner_and_outer_only_for_smoothed_area"
  },
  "meters_per_pixel": 0.08361489066666666,
  "area_px2": {
    "raw": 232414.76771068573,
    "smoothed_k9": 232261.37149047852
  },
  "area_m2": {
    "raw": 1624.9162140445646,
    "smoothed_k9": 1623.8437520498169
  }
}